time_ms,temperature,heater
1,54.953125,1.0
1,54.96875,1.0
102,54.921875,1.0
202,54.8984375,1.0
302,54.875,1.0
402,54.90625,1.0
503,54.90625,1.0
603,54.8203125,1.0
703,54.8125,1.0
803,54.8125,1.0
904,54.8203125,1.0
1004,54.7734375,1.0
1104,54.7421875,1.0
1205,54.7265625,1.0
1306,54.6328125,1.0
1406,54.75,1.0
1507,54.6171875,1.0
1607,54.6328125,1.0
1708,54.6484375,1.0
1809,54.5859375,1.0
1909,54.546875,1.0
2010,54.5859375,1.0
2110,54.5703125,1.0
2210,54.546875,1.0
2311,54.5,1.0
2411,54.4921875,1.0
2511,54.4921875,1.0
2613,54.515625,1.0
2713,54.59375,1.0
2813,54.453125,1.0
2915,54.421875,1.0
3015,54.515625,1.0
3115,54.5,1.0
3217,54.5234375,1.0
3317,54.4453125,1.0
3417,54.4296875,1.0
3518,54.3984375,1.0
3618,54.5,1.0
3718,54.46875,1.0
3819,54.5703125,1.0
3919,54.453125,1.0
4019,54.4453125,1.0
4120,54.453125,1.0
4220,54.421875,1.0
4321,54.5,1.0
4422,54.5390625,1.0
4522,54.453125,1.0
4623,54.453125,1.0
4724,54.3828125,1.0
4824,54.515625,1.0
4925,54.5703125,1.0
5026,54.5,1.0
5126,54.4453125,1.0
5226,54.5859375,1.0
5327,54.546875,1.0
5427,54.609375,1.0
5527,54.6171875,1.0
5628,54.6328125,1.0
5729,54.59375,1.0
5829,54.6484375,1.0
5930,54.6484375,1.0
6031,54.6484375,1.0
6131,54.6953125,1.0
6232,54.703125,1.0
6333,54.75,1.0
6433,54.765625,1.0
6534,54.7890625,1.0
6634,54.8203125,1.0
6734,54.8125,1.0
6835,54.8828125,1.0
6935,54.875,1.0
7035,54.9296875,1.0
7137,54.921875,1.0
7237,54.96875,1.0
7337,55.0703125,1.0
7439,55.0859375,1.0
7539,55.1015625,1.0
7639,55.109375,1.0
7741,55.0703125,1.0
7841,55.125,1.0
7941,55.2734375,1.0
8042,55.2421875,1.0
8142,55.3515625,1.0
8242,55.2421875,1.0
8343,55.2734375,1.0
8443,55.2890625,1.0
8544,55.375,1.0
8645,55.4453125,1.0
8745,55.453125,1.0
8846,55.4296875,1.0
8947,55.5625,1.0
9047,55.578125,1.0
9148,55.5625,1.0
9249,55.5625,1.0
9349,55.578125,1.0
9449,55.6953125,1.0
9550,55.7734375,1.0
9650,55.8359375,1.0
9750,55.8203125,1.0
9851,55.7734375,1.0
9952,55.859375,1.0
10052,55.859375,1.0
10153,55.9375,1.0
10254,55.9765625,1.0
10354,56.015625,1.0
10455,56.0390625,1.0
10556,56.09375,1.0
10656,56.1640625,1.0
10757,56.234375,1.0
10857,56.2109375,1.0
10957,56.203125,1.0
11058,56.2265625,1.0
11158,56.28125,1.0
11258,56.390625,1.0
11360,56.4140625,1.0
11460,56.4609375,1.0
11560,56.546875,1.0
11662,56.546875,1.0
11762,56.625,1.0
11862,56.671875,1.0
11964,56.640625,1.0
12064,56.7109375,1.0
12164,56.7109375,1.0
12265,56.7109375,1.0
12365,56.8515625,1.0
12465,56.8046875,1.0
12566,56.984375,1.0
12666,56.984375,1.0
12766,57.0546875,1.0
12867,56.9921875,1.0
12967,57.125,1.0
13068,57.171875,1.0
13169,57.0625,1.0
13269,57.1796875,1.0
13370,57.265625,1.0
13471,57.265625,1.0
13571,57.2890625,1.0
13672,57.3828125,1.0
13773,57.3984375,1.0
13873,57.453125,1.0
13973,57.4296875,1.0
14074,57.5625,1.0
14174,57.5234375,1.0
14274,57.609375,1.0
14375,57.6328125,1.0
14476,57.703125,1.0
14576,57.7109375,1.0
14677,57.796875,1.0
14778,57.8203125,1.0
14878,57.8359375,1.0
14979,57.9140625,1.0
15080,57.9140625,1.0
15180,58.0078125,1.0
15281,58.0546875,1.0
15381,58.078125,1.0
15481,58.1015625,1.0
15582,58.234375,1.0
15682,58.2109375,1.0
15782,58.1484375,1.0
15884,58.2421875,1.0
15984,58.3515625,1.0
16084,58.3515625,1.0
16186,58.4140625,1.0
16286,58.515625,1.0
16386,58.53125,1.0
16488,58.5625,1.0
16588,58.5078125,1.0
16688,58.6015625,1.0
16789,58.671875,1.0
16889,58.6796875,1.0
16989,58.7421875,1.0
17090,58.796875,1.0
17190,58.84375,1.0
17291,58.90625,1.0
17391,58.9140625,1.0
17491,59.015625,1.0
17592,59.0625,1.0
17692,59.0,1.0
17793,59.0390625,1.0
17894,59.0234375,1.0
17994,59.140625,1.0
18094,59.28125,1.0
18194,59.296875,1.0
18295,59.328125,1.0
18395,59.3984375,1.0
18496,59.421875,1.0
18596,59.4375,1.0
18696,59.4453125,1.0
18796,59.515625,1.0
18896,59.5546875,1.0
18998,59.671875,1.0
19098,59.7109375,1.0
19198,59.78125,1.0
19299,59.765625,1.0
19399,59.7578125,1.0
19499,59.8515625,1.0
19600,59.8359375,1.0
19701,59.8359375,1.0
19801,59.9765625,1.0
19901,60.015625,1.0
20001,60.0390625,1.0
20101,60.0703125,1.0
20202,60.109375,1.0
20302,60.140625,1.0
20402,60.2109375,1.0
20502,60.2109375,1.0
20602,60.28125,1.0
20702,60.3125,1.0
20802,60.34375,1.0
20903,60.4765625,1.0
21004,60.453125,1.0
21104,60.484375,1.0
21204,60.546875,1.0
21305,60.578125,1.0
21405,60.640625,1.0
21505,60.71875,1.0
21607,60.7578125,1.0
21707,60.78125,1.0
21807,60.8828125,1.0
21907,60.828125,1.0
22007,60.828125,1.0
22108,60.8828125,1.0
22208,60.9453125,1.0
22308,60.9765625,1.0
22408,61.0625,1.0
22508,61.109375,1.0
22608,61.078125,1.0
22709,61.125,1.0
22810,61.3046875,1.0
22910,61.3046875,1.0
23011,61.359375,1.0
23111,61.296875,1.0
23211,61.3828125,1.0
23313,61.4375,1.0
23413,61.53125,1.0
23513,61.6171875,1.0
23613,61.546875,1.0
23713,61.546875,1.0
23813,61.640625,1.0
23913,61.6640625,1.0
24014,61.765625,1.0
24114,61.7109375,1.0
24214,61.71875,1.0
24314,61.953125,1.0
24414,62.0,1.0
24514,61.9296875,1.0
24614,61.953125,1.0
24716,62.0859375,1.0
24816,62.1171875,1.0
24916,62.1796875,1.0
25017,62.1796875,1.0
25117,62.2109375,1.0
25217,62.2421875,1.0
25318,62.3359375,1.0
25419,62.3203125,1.0
25519,62.3359375,1.0
25619,62.4140625,1.0
25719,62.484375,1.0
25819,62.546875,1.0
25920,62.5546875,1.0
26020,62.59375,1.0
26120,62.578125,1.0
26220,62.6875,1.0
26320,62.734375,1.0
26421,62.6484375,1.0
26521,62.7890625,1.0
26622,62.875,1.0
26723,63.015625,1.0
26823,62.9921875,1.0
26923,63.015625,1.0
27024,63.0703125,1.0
27125,63.1328125,1.0
27225,63.140625,1.0
27325,63.203125,1.0
27425,63.25,1.0
27525,63.2421875,1.0
27625,63.2734375,1.0
27725,63.3359375,1.0
27826,63.34375,1.0
27926,63.421875,1.0
28026,63.5078125,1.0
28126,63.4375,1.0
28226,63.5625,1.0
28326,63.5859375,1.0
28427,63.6015625,1.0
28528,63.6640625,1.0
28628,63.6640625,1.0
28729,63.78125,1.0
28829,63.859375,1.0
28929,63.8515625,1.0
29031,63.8828125,1.0
29131,63.9296875,1.0
29231,64.0703125,1.0
29331,64.046875,1.0
29431,64.015625,1.0
29531,64.0703125,1.0
29631,64.1328125,1.0
29732,64.2109375,1.0
29832,64.28125,1.0
29932,64.2578125,1.0
30032,64.25,1.0
30133,64.3671875,1.0
30233,64.4140625,1.0
30333,64.4609375,1.0
30435,64.5546875,1.0
30535,64.515625,1.0
30635,64.5390625,1.0
30736,64.6796875,1.0
30836,64.671875,1.0
30937,64.6953125,1.0
31037,64.765625,1.0
31137,64.828125,1.0
31237,64.8359375,1.0
31337,64.9296875,1.0
31437,64.90625,1.0
31537,64.9765625,1.0
31638,65.0390625,1.0
31738,65.015625,1.0
31838,65.0546875,1.0
31938,65.125,1.0
32038,65.2421875,1.0
32140,65.1875,1.0
32240,65.2578125,1.0
32340,65.375,1.0
32441,65.3984375,1.0
32541,65.3984375,1.0
32641,65.4140625,1.0
32742,65.4609375,1.0
32843,65.484375,1.0
32943,65.5078125,1.0
33043,65.6015625,1.0
33143,65.5546875,1.0
33243,65.671875,1.0
33344,65.6953125,1.0
33444,65.8125,1.0
33545,65.8125,1.0
33645,65.765625,1.0
33745,65.9375,1.0
33846,65.921875,1.0
33946,65.96875,1.0
34047,65.9921875,1.0
34148,66.09375,1.0
34248,66.09375,1.0
34348,66.125,1.0
34449,66.1953125,1.0
34550,66.1953125,1.0
34650,66.265625,1.0
34751,66.40625,1.0
34851,66.375,1.0
34951,66.421875,1.0
35051,66.359375,1.0
35151,66.3828125,1.0
35253,66.5,1.0
35353,66.453125,1.0
35453,66.65625,1.0
35554,66.6171875,1.0
35654,66.7265625,1.0
35755,66.7109375,1.0
35856,66.7109375,1.0
35956,66.75,1.0
36056,66.84375,1.0
36157,66.875,1.0
36257,66.8984375,1.0
36357,66.9609375,1.0
36458,67.0078125,1.0
36558,67.0546875,1.0
36658,67.0078125,1.0
36758,67.1328125,1.0
36858,67.15625,1.0
36958,67.203125,1.0
37058,67.203125,1.0
37159,67.296875,1.0
37260,67.3671875,1.0
37360,67.4296875,1.0
37460,67.4140625,1.0
37561,67.40625,1.0
37662,67.546875,1.0
37762,67.6015625,1.0
37863,67.59375,1.0
37963,67.6015625,1.0
38063,67.65625,1.0
38163,67.7265625,1.0
38263,67.78125,1.0
38364,67.828125,1.0
38464,67.8046875,1.0
38564,67.8359375,1.0
38664,67.9296875,1.0
38764,68.015625,1.0
38864,68.0,1.0
38965,68.046875,1.0
39066,68.0234375,1.0
39166,68.109375,1.0
39267,68.2109375,1.0
39367,68.1875,1.0
39467,68.2578125,1.0
39569,68.296875,1.0
39669,68.3046875,1.0
39769,68.34375,1.0
39869,68.3984375,1.0
39969,68.4453125,1.0
40069,68.46875,1.0
40169,68.515625,1.0
40270,68.6015625,1.0
40370,68.640625,1.0
40470,68.6875,1.0
40570,68.6953125,1.0
40670,68.7109375,1.0
40771,68.8203125,1.0
40871,68.8203125,1.0
40973,68.8046875,1.0
41073,68.8203125,1.0
41173,69.0078125,1.0
41274,68.9296875,1.0
41374,68.9765625,1.0
41475,69.0234375,1.0
41576,69.09375,1.0
41676,69.125,1.0
41776,69.265625,1.0
41876,69.28125,1.0
41977,69.1953125,1.0
42077,69.2890625,1.0
42178,69.375,1.0
42278,69.3984375,1.0
42379,69.3359375,1.0
42479,69.421875,1.0
42579,69.5390625,1.0
42681,69.5390625,1.0
42781,69.59375,1.0
42881,69.6484375,1.0
42982,69.6328125,1.0
43082,69.6953125,1.0
43183,69.6796875,1.0
43283,69.796875,1.0
43384,69.8671875,1.0
43484,69.859375,1.0
43584,69.8359375,1.0
43684,69.9609375,1.0
43784,69.9609375,1.0
43885,70.078125,1.0
43985,70.0859375,1.0
44086,70.1953125,1.0
44186,70.21875,1.0
44286,70.171875,1.0
44387,70.25,1.0
44487,70.296875,1.0
44588,70.3203125,1.0
44689,70.3671875,1.0
44789,70.3671875,1.0
44889,70.4375,1.0
44989,70.4609375,1.0
45090,70.4375,1.0
45190,70.6015625,1.0
45290,70.6171875,1.0
45390,70.6640625,1.0
45490,70.6640625,1.0
45590,70.8046875,1.0
45690,70.78125,1.0
45792,70.765625,1.0
45892,70.78125,1.0
45992,70.828125,1.0
46093,70.984375,1.0
46193,71.0078125,1.0
46294,71.0078125,1.0
46395,71.0546875,1.0
46495,71.078125,1.0
46595,71.2578125,1.0
46696,71.2109375,1.0
46796,71.28125,1.0
46896,71.25,1.0
46997,71.25,1.0
47097,71.3203125,1.0
47197,71.3671875,1.0
47297,71.484375,1.0
47397,71.46875,1.0
47497,71.5078125,1.0
47597,71.6484375,1.0
47698,71.6328125,1.0
47799,71.625,1.0
47899,71.71875,1.0
47999,71.6953125,1.0
48100,71.765625,1.0
48201,71.84375,1.0
48301,71.8125,1.0
48402,71.8359375,1.0
48502,71.890625,1.0
48602,71.9765625,1.0
48702,71.984375,1.0
48802,71.984375,1.0
48903,72.078125,1.0
49003,72.0546875,1.0
49103,72.1953125,1.0
49203,72.1875,1.0
49303,72.2109375,1.0
49403,72.265625,1.0
49504,72.2578125,1.0
49605,72.3515625,1.0
49705,72.3828125,1.0
49806,72.3984375,1.0
49906,72.46875,1.0
50006,72.5,1.0
50108,72.6484375,1.0
50208,72.578125,1.0
50308,72.640625,1.0
50408,72.7109375,1.0
50508,72.6484375,1.0
50608,72.7109375,1.0
50708,72.8125,1.0
50809,72.8515625,1.0
50909,72.8046875,1.0
51009,72.9453125,1.0
51109,72.96875,1.0
51209,73.0625,1.0
51309,73.125,1.0
51409,73.125,1.0
51511,73.1484375,1.0
51611,73.1953125,1.0
51711,73.2421875,1.0
51812,73.3203125,1.0
51912,73.2734375,1.0
52013,73.2734375,1.0
52114,73.3671875,1.0
52214,73.40625,1.0
52314,73.4296875,1.0
52414,73.4375,1.0
52514,73.53125,1.0
52614,73.6171875,1.0
52715,73.640625,1.0
52815,73.7109375,1.0
52915,73.71875,1.0
53015,73.7109375,1.0
53115,73.8125,1.0
53216,73.8828125,1.0
53316,73.8984375,1.0
53417,73.859375,1.0
53518,73.9453125,1.0
53618,73.96875,1.0
53718,74.015625,1.0
53819,74.1015625,1.0
53920,74.0546875,1.0
54020,74.125,1.0
54120,74.1640625,1.0
54220,74.2421875,1.0
54320,74.2578125,1.0
54420,74.265625,1.0
54520,74.3125,1.0
54621,74.375,1.0
54721,74.375,1.0
54821,74.46875,1.0
54921,74.515625,1.0
55021,74.5859375,1.0
55121,74.6796875,1.0
55222,74.7109375,1.0
55323,74.6171875,1.0
55423,74.7265625,1.0
55524,74.796875,1.0
55624,74.75,1.0
55724,74.78125,1.0
55826,74.8671875,1.0
55926,74.8984375,1.0
56026,74.9375,1.0
56126,74.890625,1.0
56226,75.015625,1.0
56326,75.0625,1.0
56426,75.109375,1.0
56527,75.1640625,1.0
56627,75.2109375,1.0
56727,75.125,1.0
56827,75.2109375,1.0
56928,75.2421875,1.0
57028,75.2890625,1.0
57128,75.4453125,1.0
57230,75.4453125,1.0
57330,75.453125,1.0
57430,75.5,1.0
57531,75.5703125,1.0
57631,75.5859375,1.0
57732,75.5703125,1.0
57832,75.65625,1.0
57933,75.7109375,1.0
58033,75.8046875,1.0
58133,75.84375,1.0
58233,75.8203125,1.0
58333,75.90625,1.0
58434,75.9375,1.0
58534,75.9765625,1.0
58635,76.0078125,1.0
58735,76.046875,1.0
58835,76.09375,1.0
58936,76.078125,1.0
59036,76.1171875,1.0
59137,76.140625,1.0
59238,76.2578125,1.0
59338,76.25,1.0
59438,76.2109375,1.0
59538,76.375,1.0
59638,76.3203125,1.0
59738,76.390625,1.0
59839,76.421875,1.0
59939,76.484375,1.0
60039,76.5859375,1.0
60139,76.5859375,1.0
60239,76.65625,1.0
60339,76.65625,1.0
60439,76.671875,1.0
60540,76.7421875,1.0
60641,76.75,1.0
60741,76.7890625,1.0
60841,76.8828125,1.0
60942,76.859375,1.0
61043,76.8828125,1.0
61143,76.890625,1.0
61244,77.0078125,1.0
61344,77.0234375,1.0
61444,77.125,1.0
61544,77.1171875,1.0
61644,77.125,1.0
61745,77.140625,1.0
61845,77.1640625,1.0
61945,77.265625,1.0
62045,77.3515625,1.0
62145,77.3984375,1.0
62245,77.4453125,1.0
62345,77.3984375,1.0
62446,77.5,1.0
62546,77.5859375,1.0
62647,77.5859375,1.0
62747,77.6171875,1.0
62847,77.6171875,1.0
62948,77.6171875,1.0
63048,77.734375,1.0
63149,77.7734375,1.0
63250,77.734375,1.0
63350,77.8203125,1.0
63450,77.9140625,1.0
63550,77.953125,1.0
63651,77.9140625,1.0
63751,77.984375,1.0
63851,78.0,1.0
63951,78.078125,1.0
64051,78.171875,1.0
64151,78.2109375,1.0
64251,78.234375,1.0
64353,78.1875,1.0
64453,78.28125,1.0
64553,78.3125,1.0
64654,78.2890625,1.0
64754,78.3671875,1.0
64854,78.4453125,1.0
64955,78.3984375,1.0
65056,78.5546875,1.0
65156,78.5546875,1.0
65256,78.578125,1.0
65356,78.65625,1.0
65456,78.65625,1.0
65557,78.7421875,1.0
65657,78.71875,1.0
65758,78.7890625,1.0
65858,78.8125,1.0
65958,78.859375,1.0
66059,78.890625,1.0
66159,78.953125,1.0
66260,78.9609375,1.0
66361,78.953125,1.0
66461,79.1171875,1.0
66561,79.125,1.0
66662,79.140625,1.0
66762,79.1484375,1.0
66862,79.1953125,1.0
66963,79.328125,1.0
67063,79.3359375,1.0
67163,79.3359375,1.0
67263,79.359375,1.0
67363,79.40625,1.0
67463,79.4765625,1.0
67563,79.5859375,1.0
67664,79.59375,1.0
67765,79.59375,1.0
67865,79.546875,1.0
67965,79.65625,1.0
68066,79.671875,1.0
68167,79.7265625,1.0
68267,79.7890625,1.0
68368,79.8125,1.0
68468,79.8828125,1.0
68568,79.859375,1.0
68668,79.90625,1.0
68768,79.9765625,1.0
68869,80.046875,1.0
68969,80.0234375,1.0
69069,80.0078125,1.0
69169,80.1171875,1.0
69269,80.1484375,1.0
69369,80.1953125,1.0
69469,80.234375,1.0
69570,80.3046875,1.0
69670,80.328125,1.0
69771,80.375,1.0
69871,80.328125,1.0
69971,80.4765625,1.0
70072,80.5,1.0
70172,80.515625,1.0
70273,80.546875,1.0
70374,80.6171875,1.0
70474,80.6875,1.0
70574,80.7109375,1.0
70674,80.7109375,1.0
70775,80.7109375,1.0
70875,80.7578125,1.0
70975,80.828125,1.0
71075,80.796875,1.0
71175,80.8984375,1.0
71275,80.9453125,1.0
71375,81.0390625,1.0
71477,81.015625,1.0
71577,81.0078125,1.0
71677,81.0390625,1.0
71778,81.0859375,1.0
71878,81.1484375,1.0
71978,81.265625,1.0
72079,81.3359375,1.0
72180,81.265625,1.0
72280,81.3125,1.0
72381,81.453125,1.0
72481,81.3671875,1.0
72581,81.40625,1.0
72682,81.5078125,1.0
72782,81.5078125,1.0
72882,81.6328125,1.0
72982,81.6171875,1.0
73082,81.578125,1.0
73182,81.703125,1.0
73282,81.75,1.0
73382,81.7578125,1.0
73483,81.8203125,1.0
73583,81.890625,1.0
73683,81.8515625,1.0
73784,81.890625,1.0
73884,82.03125,1.0
73985,82.0078125,1.0
74086,82.015625,1.0
74186,82.0625,1.0
74286,82.0859375,1.0
74386,82.125,1.0
74486,82.1484375,1.0
74587,82.1796875,1.0
74687,82.2890625,1.0
74787,82.25,1.0
74888,82.2265625,1.0
74988,82.3828125,1.0
75088,82.453125,1.0
75190,82.453125,1.0
75290,82.4609375,1.0
75390,82.5703125,1.0
75492,82.5703125,1.0
75592,82.53125,1.0
75692,82.640625,1.0
75794,82.6953125,1.0
75894,82.7421875,1.0
75994,82.78125,1.0
76095,82.828125,1.0
76195,82.8359375,1.0
76295,82.8046875,1.0
76396,82.921875,1.0
76496,82.9921875,1.0
76597,82.9921875,1.0
76698,83.015625,1.0
76798,83.0625,1.0
76899,83.140625,1.0
77000,83.1171875,1.0
77100,83.1171875,1.0
77201,83.2578125,1.0
77302,83.296875,1.0
77402,83.28125,1.0
77502,83.390625,1.0
77603,83.4140625,1.0
77703,83.390625,1.0
77803,83.484375,1.0
77904,83.4453125,1.0
78005,83.5390625,1.0
78105,83.5625,1.0
78206,83.609375,1.0
78307,83.5859375,1.0
78407,83.734375,1.0
78508,83.7890625,1.0
78609,83.7890625,1.0
78709,83.7578125,1.0
78810,83.921875,1.0
78910,83.8828125,1.0
79010,83.9453125,1.0
79111,84.015625,1.0
79211,84.0390625,1.0
79311,84.109375,1.0
79413,84.0703125,1.0
79513,84.1171875,1.0
79613,84.2265625,1.0
79715,84.25,1.0
79815,84.328125,1.0
79915,84.28125,1.0
80017,84.3671875,1.0
80117,84.3984375,1.0
80217,84.421875,1.0
80318,84.46875,1.0
80418,84.484375,1.0
80518,84.515625,1.0
80619,84.5546875,1.0
80719,84.578125,1.0
80819,84.609375,1.0
80920,84.65625,1.0
81020,84.7421875,1.0
81121,84.7734375,1.0
81222,84.765625,1.0
81322,84.8125,1.0
81423,84.953125,1.0
81524,84.9765625,1.0
81624,85.0078125,1.0
81725,85.0234375,1.0
81826,85.03125,1.0
81926,85.0703125,1.0
82026,85.125,1.0
82127,85.1640625,1.0
82227,85.171875,1.0
82327,85.2421875,1.0
82428,85.265625,1.0
82529,85.3046875,1.0
82629,85.328125,1.0
82730,85.3515625,1.0
82831,85.375,1.0
82931,85.375,1.0
83032,85.46875,1.0
83133,85.453125,1.0
83233,85.4765625,1.0
83334,85.5859375,1.0
83434,85.671875,1.0
83534,85.65625,1.0
83635,85.671875,1.0
83735,85.703125,1.0
83835,85.7734375,1.0
83937,85.765625,1.0
84037,85.8203125,1.0
84137,85.9296875,1.0
84239,85.8828125,1.0
84339,86.0078125,1.0
84439,86.0078125,1.0
84541,86.046875,1.0
84641,86.0703125,1.0
84741,86.1015625,1.0
84842,86.1484375,1.0
84942,86.171875,1.0
85042,86.2578125,1.0
85143,86.2578125,1.0
85243,86.265625,1.0
85344,86.3828125,1.0
85445,86.3828125,1.0
85545,86.3984375,1.0
85646,86.4453125,1.0
85747,86.515625,1.0
85847,86.546875,1.0
85948,86.5625,1.0
86048,86.5703125,1.0
86148,86.6171875,1.0
86248,86.6640625,1.0
86349,86.6328125,1.0
86449,86.7734375,1.0
86549,86.796875,1.0
86650,86.8046875,1.0
86750,86.828125,1.0
86850,86.8671875,1.0
86951,86.8984375,1.0
87052,86.9140625,1.0
87152,86.9609375,1.0
87253,87.109375,1.0
87354,87.0625,1.0
87454,87.109375,1.0
87555,87.1015625,1.0
87656,87.203125,1.0
87756,87.25,1.0
87857,87.2890625,1.0
87957,87.3203125,1.0
88057,87.3671875,1.0
88158,87.4140625,1.0
88258,87.4609375,1.0
88358,87.546875,1.0
88460,87.59375,1.0
88560,87.5546875,1.0
88660,87.578125,1.0
88762,87.625,1.0
88862,87.640625,1.0
88962,87.75,1.0
89064,87.75,1.0
89164,87.7578125,1.0
89264,87.875,1.0
89365,87.8984375,1.0
89465,87.875,1.0
89565,87.984375,1.0
89666,88.0078125,1.0
89766,87.984375,1.0
89867,88.0859375,1.0
89968,88.078125,1.0
90068,88.1015625,1.0
90169,88.1328125,1.0
90270,88.171875,1.0
90370,88.2890625,1.0
90471,88.3203125,1.0
90572,88.265625,1.0
90672,88.3671875,1.0
90772,88.3671875,1.0
90873,88.390625,1.0
90973,88.484375,1.0
91073,88.53125,1.0
91174,88.484375,1.0
91275,88.5,1.0
91375,88.6484375,1.0
91476,88.6953125,1.0
91577,88.671875,1.0
91677,88.6953125,1.0
91778,88.78125,1.0
91879,88.765625,1.0
91979,88.7890625,1.0
92080,88.8359375,1.0
92180,88.8828125,1.0
92280,88.8984375,1.0
92381,88.8984375,1.0
92481,88.9453125,1.0
92581,88.953125,1.0
92683,89.1328125,1.0
92783,89.15625,1.0
92883,89.140625,1.0
92985,89.2109375,1.0
93085,89.15625,1.0
93185,89.2265625,1.0
93287,89.328125,1.0
93387,89.421875,1.0
93487,89.3671875,1.0
93588,89.375,1.0
93688,89.5625,1.0
93788,89.5546875,1.0
93889,89.53125,1.0
93989,89.5390625,1.0
94089,89.6328125,1.0
94190,89.6484375,1.0
94290,89.65625,1.0
94391,89.625,1.0
94492,89.65625,1.0
94592,89.7421875,1.0
94693,89.96875,1.0
94794,89.9140625,1.0
94894,89.96875,1.0
94994,89.9921875,1.0
95095,89.9140625,1.0
95195,90.0234375,1.0
95295,90.0,1.0
95396,90.0,1.0
95496,90.1328125,1.0
95596,90.1328125,1.0
95697,90.2265625,1.0
95798,90.1796875,1.0
95898,90.1640625,1.0
95999,90.3046875,1.0
96100,90.34375,1.0
96200,90.3984375,1.0
96301,90.4609375,1.0
96402,90.421875,1.0
96502,90.4375,1.0
96603,90.5078125,1.0
96703,90.515625,1.0
96803,90.5078125,1.0
96904,90.6015625,1.0
97004,90.6484375,1.0
97104,90.7734375,1.0
97206,90.796875,1.0
97306,90.703125,1.0
97406,90.8203125,1.0
97508,90.8203125,1.0
97608,90.90625,1.0
97708,90.9140625,1.0
97810,91.0234375,1.0
97910,90.9609375,1.0
98010,91.0703125,1.0
98111,91.0546875,1.0
98211,91.1171875,1.0
98311,91.1875,1.0
98412,91.1484375,1.0
98512,91.1484375,1.0
98613,91.28125,1.0
98714,91.328125,1.0
98814,91.375,1.0
98915,91.40625,1.0
99016,91.3828125,1.0
99116,91.4296875,1.0
99217,91.4765625,1.0
99318,91.6328125,1.0
99418,91.6171875,1.0
99518,91.59375,1.0
99619,91.640625,1.0
99719,91.609375,1.0
99819,91.703125,1.0
99920,91.7734375,1.0
100021,91.8515625,1.0
100121,91.8203125,1.0
100222,91.8515625,1.0
100323,91.7734375,1.0
100423,91.828125,1.0
100524,91.984375,1.0
100625,91.984375,1.0
100725,92.03125,1.0
100826,92.0625,1.0
100926,92.109375,1.0
101026,92.1640625,1.0
101127,92.1875,1.0
101227,92.140625,1.0
101327,92.140625,1.0
101429,92.28125,1.0
101529,92.3828125,1.0
101629,92.2890625,1.0
101731,92.4453125,1.0
101831,92.421875,1.0
101931,92.4765625,1.0
102033,92.4453125,1.0
102133,92.5234375,1.0
102233,92.6015625,1.0
102334,92.6484375,1.0
102434,92.71875,1.0
102534,92.7265625,1.0
102635,92.703125,1.0
102735,92.7734375,1.0
102835,92.8125,1.0
102936,92.8125,1.0
103036,92.859375,1.0
103137,92.9140625,1.0
103238,92.984375,1.0
103338,92.953125,1.0
103439,93.0703125,1.0
103540,93.0625,1.0
103640,93.1171875,1.0
103741,93.2109375,1.0
103842,93.1171875,1.0
103942,93.1875,1.0
104042,93.2734375,1.0
104143,93.328125,1.0
104243,93.375,1.0
104343,93.296875,1.0
104444,93.421875,1.0
104545,93.484375,1.0
104645,93.5,1.0
104746,93.5546875,1.0
104847,93.546875,1.0
104947,93.5234375,1.0
105048,93.5234375,1.0
105149,93.625,1.0
105249,93.625,1.0
105350,93.7421875,1.0
105450,93.8125,1.0
105550,93.828125,1.0
105651,93.7890625,1.0
105751,93.8671875,1.0
105851,93.9375,1.0
105953,93.8984375,1.0
106053,93.9609375,1.0
106153,94.03125,1.0
106255,94.078125,1.0
106355,94.109375,1.0
106455,94.1796875,1.0
106557,94.2421875,1.0
106657,94.1953125,1.0
106757,94.1796875,1.0
106858,94.2890625,1.0
106958,94.359375,1.0
107058,94.3359375,1.0
107159,94.375,1.0
107259,94.40625,1.0
107360,94.4453125,1.0
107461,94.5,1.0
107561,94.6328125,1.0
107662,94.6328125,1.0
107763,94.5703125,1.0
107863,94.5859375,1.0
107964,94.640625,1.0
108065,94.6640625,1.0
108165,94.703125,1.0
108265,94.75,1.0
108366,94.75,1.0
108466,94.8671875,1.0
108566,94.9765625,1.0
108667,94.8828125,1.0
108768,94.8671875,1.0
108868,94.984375,1.0
108969,95.0234375,1.0
109070,95.0078125,1.0
109170,95.0703125,1.0
109271,95.125,1.0
109372,95.1640625,1.0
109472,95.28125,1.0
109573,95.1796875,1.0
109673,95.1796875,1.0
109773,95.3203125,1.0
109874,95.34375,1.0
109974,95.375,1.0
110074,95.421875,1.0
110176,95.4375,1.0
110276,95.4453125,1.0
110376,95.53125,1.0
110478,95.5625,1.0
110578,95.671875,1.0
110678,95.6015625,1.0
110780,95.625,1.0
110880,95.765625,1.0
110980,95.78125,1.0
111081,95.734375,1.0
111181,95.8359375,1.0
111281,95.8984375,1.0
111382,95.953125,1.0
111482,95.90625,1.0
111582,95.921875,1.0
111683,96.03125,1.0
111783,96.0390625,1.0
111884,96.109375,1.0
111985,96.0625,1.0
112085,96.125,1.0
112186,96.1953125,1.0
112287,96.2421875,1.0
112387,96.25,1.0
112488,96.375,1.0
112589,96.375,1.0
112689,96.4296875,1.0
112789,96.4296875,1.0
112890,96.453125,1.0
112990,96.4921875,1.0
113090,96.5625,1.0
113191,96.5,1.0
113292,96.5859375,1.0
113392,96.59375,1.0
113493,96.640625,1.0
113594,96.6796875,1.0
113694,96.75,1.0
113795,96.7734375,1.0
113896,96.8203125,1.0
113996,96.90625,1.0
114097,96.84375,1.0
114197,96.890625,1.0
114297,96.953125,1.0
114398,96.953125,1.0
114498,97.046875,1.0
114598,97.046875,1.0
114700,97.09375,1.0
114800,97.1015625,1.0
114900,97.1640625,1.0
115002,97.25,1.0
115102,97.234375,1.0
115202,97.328125,1.0
115304,97.328125,1.0
115404,97.390625,1.0
115504,97.328125,1.0
115605,97.4609375,1.0
115705,97.421875,1.0
115805,97.4921875,1.0
115906,97.515625,1.0
116006,97.625,1.0
116107,97.5546875,1.0
116208,97.59375,1.0
116308,97.6640625,1.0
116409,97.671875,1.0
116510,97.671875,1.0
116610,97.7890625,1.0
116711,97.78125,1.0
116812,97.859375,1.0
116912,97.8046875,1.0
117012,97.875,1.0
117113,97.953125,1.0
117213,98.03125,1.0
117313,98.03125,1.0
117414,98.1484375,1.0
117515,98.0625,1.0
117615,98.109375,1.0
117716,98.1484375,1.0
117817,98.171875,1.0
117917,98.25,1.0
118018,98.2421875,1.0
118119,98.2890625,1.0
118219,98.3359375,1.0
118320,98.3984375,1.0
118420,98.34375,1.0
118520,98.40625,1.0
118621,98.515625,1.0
118721,98.5234375,1.0
118821,98.5234375,1.0
118921,98.5703125,1.0
119021,98.59375,1.0
119121,98.59375,1.0
119222,98.703125,1.0
119322,98.7265625,1.0
119422,98.703125,1.0
119523,98.703125,1.0
119623,98.8359375,1.0
119723,98.8125,1.0
119824,98.8828125,1.0
119924,98.890625,1.0
120024,98.90625,1.0
120124,98.953125,1.0
120224,99.125,1.0
120324,99.078125,1.0
120424,99.0703125,1.0
120524,99.09375,1.0
120625,99.1953125,1.0
120725,99.234375,1.0
120825,99.25,1.0
120926,99.2578125,1.0
121026,99.296875,1.0
121126,99.3515625,1.0
121228,99.3984375,1.0
121328,99.5078125,1.0
121428,99.484375,1.0
121530,99.46875,1.0
121630,99.5546875,1.0
121730,99.5859375,1.0
121832,99.609375,1.0
121932,99.5859375,1.0
122032,99.640625,1.0
122133,99.6640625,1.0
122233,99.7421875,1.0
122333,99.78125,1.0
122434,99.828125,1.0
122534,99.921875,1.0
122635,99.8984375,1.0
122736,99.9609375,1.0
122836,99.96875,1.0
122937,99.9609375,1.0
123038,100.078125,1.0
123138,100.1015625,1.0
123239,100.1015625,1.0
123340,100.1015625,1.0
123440,100.109375,1.0
123540,100.234375,1.0
123641,100.3046875,1.0
123741,100.3046875,1.0
123841,100.265625,1.0
123942,100.3359375,1.0
124043,100.359375,1.0
124143,100.375,1.0
124244,100.5703125,1.0
124345,100.515625,1.0
124445,100.5390625,1.0
124546,100.5625,1.0
124647,100.6015625,1.0
124747,100.609375,1.0
124848,100.6484375,1.0
124948,100.71875,1.0
125048,100.765625,1.0
125149,100.7890625,1.0
125249,100.84375,1.0
125349,100.859375,1.0
125451,100.8671875,1.0
125551,100.890625,1.0
125651,101.0,1.0
125753,101.015625,1.0
125853,101.0234375,1.0
125953,101.140625,1.0
126055,101.1328125,1.0
126155,101.15625,1.0
126255,101.1328125,1.0
126356,101.1796875,1.0
126456,101.296875,1.0
126556,101.2734375,1.0
126657,101.296875,1.0
126757,101.390625,1.0
126857,101.4140625,1.0
126958,101.375,1.0
127058,101.4375,1.0
127159,101.4609375,1.0
127260,101.5234375,1.0
127360,101.6640625,1.0
127461,101.578125,1.0
127562,101.671875,1.0
127662,101.7109375,1.0
127762,101.7578125,1.0
127863,101.7421875,1.0
127963,101.8046875,1.0
128063,101.875,1.0
128164,101.875,1.0
128264,101.875,1.0
128364,101.8671875,1.0
128465,101.875,1.0
128566,102.03125,1.0
128666,102.0546875,1.0
128767,102.0390625,1.0
128868,102.03125,1.0
128968,102.0859375,1.0
129069,102.109375,1.0
129170,102.1484375,1.0
129270,102.234375,1.0
129371,102.28125,1.0
129471,102.3046875,1.0
129571,102.3515625,1.0
129672,102.3515625,1.0
129772,102.40625,1.0
129872,102.453125,1.0
129974,102.4765625,1.0
130074,102.5234375,1.0
130174,102.5625,1.0
130276,102.625,1.0
130376,102.625,1.0
130476,102.75,1.0
130578,102.6328125,1.0
130678,102.6953125,1.0
130778,102.765625,1.0
130879,102.7890625,1.0
130979,102.90625,1.0
131079,102.859375,1.0
131180,102.953125,1.0
131280,102.9609375,1.0
131381,102.890625,1.0
131482,103.0,1.0
131582,103.0234375,1.0
131683,103.046875,1.0
131784,103.0703125,1.0
131884,103.0703125,1.0
131985,103.15625,1.0
132086,103.2890625,1.0
132186,103.25,1.0
132286,103.2421875,1.0
132387,103.21875,1.0
132487,103.2890625,1.0
132587,103.3671875,1.0
132688,103.40625,1.0
132789,103.453125,1.0
132889,103.4140625,1.0
132990,103.5234375,1.0
133091,103.5390625,1.0
133191,103.5625,1.0
133292,103.59375,1.0
133393,103.6640625,1.0
133493,103.6796875,1.0
133594,103.7109375,1.0
133694,103.6640625,1.0
133794,103.75,1.0
133895,103.78125,1.0
133995,103.9296875,1.0
134095,103.90625,1.0
134197,103.9140625,1.0
134297,103.9375,1.0
134397,103.953125,1.0
134499,103.9765625,1.0
134599,104.0546875,1.0
134699,104.09375,1.0
134801,104.09375,1.0
134901,104.2578125,1.0
135001,104.1171875,1.0
135102,104.1875,1.0
135202,104.171875,1.0
135302,104.2265625,1.0
135403,104.2578125,1.0
135503,104.3203125,1.0
135603,104.375,1.0
135704,104.3671875,1.0
135804,104.4453125,1.0
135905,104.578125,1.0
136006,104.53125,1.0
136106,104.5546875,1.0
136207,104.6171875,1.0
136308,104.5859375,1.0
136408,104.6171875,1.0
136509,104.6640625,1.0
136610,104.7890625,1.0
136710,104.734375,1.0
136810,104.8359375,1.0
136911,104.859375,1.0
137011,104.8359375,1.0
137111,104.90625,1.0
137212,104.8828125,1.0
137313,104.9921875,1.0
137413,104.96875,1.0
137514,105.0078125,1.0
137615,104.9921875,1.0
137715,105.03125,1.0
137816,105.15625,1.0
137917,105.171875,1.0
138017,105.21875,1.0
138118,105.265625,1.0
138218,105.3359375,1.0
138318,105.3203125,1.0
138419,105.3828125,1.0
138519,105.359375,1.0
138619,105.359375,1.0
138721,105.40625,1.0
138821,105.46875,1.0
138921,105.5,1.0
139023,105.515625,1.0
139123,105.5390625,1.0
139223,105.5625,1.0
139325,105.609375,1.0
139425,105.6796875,1.0
139525,105.6875,1.0
139626,105.7578125,1.0
139726,105.734375,1.0
139826,105.734375,1.0
139927,105.8671875,1.0
140027,105.8671875,1.0
140128,105.9609375,1.0
140229,105.890625,1.0
140329,105.8671875,1.0
140430,106.0,1.0
140531,106.046875,1.0
140631,106.0859375,1.0
140732,106.1484375,1.0
140833,106.1015625,1.0
140933,106.21875,1.0
141033,106.2421875,1.0
141134,106.2890625,1.0
141234,106.21875,1.0
141334,106.265625,1.0
141435,106.2734375,1.0
141536,106.3671875,1.0
141636,106.3828125,1.0
141737,106.4375,1.0
141838,106.5,1.0
141938,106.4921875,1.0
142039,106.609375,1.0
142140,106.5234375,1.0
142240,106.59375,1.0
142341,106.609375,1.0
142441,106.640625,1.0
142541,106.65625,1.0
142642,106.703125,1.0
142742,106.703125,1.0
142842,106.7265625,1.0
142944,106.828125,1.0
143044,106.90625,1.0
143144,106.890625,1.0
143246,106.90625,1.0
143346,106.9375,1.0
143446,107.03125,1.0
143548,107.046875,1.0
143648,107.1640625,1.0
143748,107.1640625,1.0
143849,107.1875,1.0
143949,107.1484375,1.0
144049,107.1875,1.0
144150,107.234375,1.0
144250,107.3046875,1.0
144350,107.3671875,1.0
144451,107.375,1.0
144551,107.328125,1.0
144652,107.4140625,1.0
144753,107.4140625,1.0
144853,107.5078125,1.0
144954,107.5625,1.0
145055,107.6015625,1.0
145155,107.640625,1.0
145256,107.515625,1.0
145357,107.6953125,1.0
145457,107.6953125,1.0
145557,107.765625,1.0
145658,107.7109375,1.0
145758,107.7109375,1.0
145858,107.90625,1.0
145959,107.7890625,1.0
146060,107.8984375,1.0
146160,108.03125,1.0
146261,108.0078125,1.0
146362,107.96875,1.0
146462,108.0859375,1.0
146563,108.109375,1.0
146664,108.109375,1.0
146764,108.1484375,1.0
146865,108.15625,1.0
146965,108.1796875,1.0
147065,108.2734375,1.0
147166,108.2890625,1.0
147266,108.3125,1.0
147366,108.359375,1.0
147468,108.4453125,1.0
147568,108.3984375,1.0
147668,108.5234375,1.0
147770,108.515625,1.0
147870,108.515625,1.0
147970,108.5859375,1.0
148072,108.5859375,1.0
148172,108.6171875,1.0
148272,108.671875,1.0
148373,108.734375,1.0
148473,108.71875,1.0
148573,108.7578125,1.0
148674,108.8515625,1.0
148774,108.90625,1.0
148875,108.9296875,1.0
148976,108.9296875,1.0
149076,108.953125,1.0
149177,109.0078125,1.0
149278,108.984375,1.0
149378,109.0625,1.0
149479,109.0625,1.0
149580,109.1015625,1.0
149680,109.078125,1.0
149780,109.203125,1.0
149881,109.2265625,1.0
149981,109.2734375,1.0
150081,109.2734375,1.0
150182,109.3125,1.0
150283,109.3515625,1.0
150383,109.359375,1.0
150484,109.3359375,1.0
150585,109.3984375,1.0
150685,109.453125,1.0
150786,109.5390625,1.0
150887,109.5703125,1.0
150987,109.6171875,1.0
151088,109.703125,1.0
151188,109.6796875,1.0
151288,109.65625,1.0
151389,109.7421875,1.0
151489,109.796875,1.0
151589,109.8359375,1.0
151691,109.8203125,1.0
151791,109.8359375,1.0
151891,109.9140625,1.0
151993,109.890625,1.0
152093,109.9765625,1.0
152193,110.046875,1.0
152295,109.984375,1.0
152395,110.109375,1.0
152495,110.09375,1.0
152596,110.0234375,1.0
152696,110.09375,1.0
152796,110.203125,1.0
152897,110.234375,1.0
152997,110.1171875,1.0
153097,110.2734375,1.0
153198,110.3515625,1.0
153298,110.421875,1.0
153399,110.375,1.0
153500,110.328125,1.0
153600,110.453125,1.0
153701,110.484375,1.0
153802,110.5234375,1.0
153902,110.5546875,1.0
154002,110.5703125,1.0
154103,110.578125,1.0
154203,110.6015625,1.0
154303,110.7109375,1.0
154404,110.625,1.0
154504,110.671875,1.0
154604,110.8203125,1.0
154705,110.78125,1.0
154806,110.765625,1.0
154906,110.890625,1.0
155007,110.9453125,1.0
155108,110.9140625,1.0
155208,110.96875,1.0
155309,110.9921875,1.0
155410,111.03125,1.0
155510,110.96875,1.0
155611,111.0625,1.0
155711,111.1875,1.0
155811,111.2109375,1.0
155912,111.140625,1.0
156012,111.1796875,1.0
156112,111.296875,1.0
156214,111.296875,1.0
156314,111.34375,1.0
156414,111.3671875,1.0
156516,111.3828125,1.0
156616,111.4375,1.0
156716,111.40625,1.0
156818,111.5078125,1.0
156918,111.5234375,1.0
157018,111.6171875,1.0
157119,111.6015625,1.0
157219,111.671875,1.0
157319,111.703125,1.0
157420,111.6640625,1.0
157520,111.6875,1.0
157621,111.796875,1.0
157721,111.8046875,1.0
157822,111.78125,1.0
157923,111.84375,1.0
158023,111.9375,1.0
158123,111.8984375,1.0
158225,111.9609375,1.0
158325,111.9453125,1.0
158425,112.0703125,1.0
158525,112.046875,1.0
158626,112.09375,1.0
158726,112.09375,1.0
158826,112.1640625,1.0
158926,112.1640625,1.0
159027,112.1484375,1.0
159127,112.2421875,1.0
159227,112.265625,1.0
159328,112.28125,1.0
159429,112.28125,1.0
159529,112.3359375,1.0
159630,112.328125,1.0
159730,112.359375,1.0
159831,112.4140625,1.0
159932,112.4609375,1.0
160032,112.515625,1.0
160132,112.53125,1.0
160233,112.4921875,1.0
160333,112.609375,1.0
160433,112.6328125,1.0
160533,112.65625,1.0
160634,112.7421875,1.0
160734,112.7421875,1.0
160834,112.8046875,1.0
160934,112.8125,1.0
161035,112.8046875,1.0
161135,112.859375,1.0
161235,112.90625,1.0
161336,112.96875,1.0
161436,112.9453125,1.0
161536,112.9453125,1.0
161637,113.0703125,1.0
161737,113.046875,1.0
161837,113.0703125,1.0
161938,113.1484375,1.0
162038,113.1328125,1.0
162138,113.15625,1.0
162238,113.2734375,1.0
162338,113.296875,1.0
162438,113.2421875,1.0
162539,113.3515625,1.0
162639,113.2734375,1.0
162739,113.3671875,1.0
162839,113.3984375,1.0
162940,113.46875,1.0
163041,113.515625,1.0
163141,113.53125,1.0
163241,113.578125,1.0
163343,113.6171875,1.0
163443,113.640625,1.0
163543,113.6640625,1.0
163644,113.7109375,1.0
163745,113.671875,1.0
163845,113.734375,1.0
163945,113.7890625,1.0
164045,113.8125,1.0
164146,113.8125,1.0
164246,113.9140625,1.0
164346,113.921875,1.0
164446,113.9375,1.0
164547,114.03125,1.0
164647,114.0546875,1.0
164748,113.9453125,1.0
164848,114.0625,1.0
164949,114.1328125,1.0
165050,114.203125,1.0
165150,114.203125,1.0
165250,114.21875,1.0
165352,114.3359375,1.0
165452,114.2890625,1.0
165552,114.3359375,1.0
165652,114.3359375,1.0
165753,114.3515625,1.0
165853,114.3984375,1.0
165953,114.421875,1.0
166053,114.4765625,1.0
166155,114.4765625,1.0
166255,114.5703125,1.0
166355,114.5234375,1.0
166456,114.515625,1.0
166557,114.65625,1.0
166657,114.65625,1.0
166758,114.6796875,1.0
166858,114.75,1.0
166959,114.7265625,1.0
167059,114.8203125,1.0
167159,114.859375,1.0
167259,114.90625,1.0
167360,114.953125,1.0
167460,114.9453125,1.0
167560,114.9453125,1.0
167660,114.953125,1.0
167760,114.9453125,1.0
167861,115.046875,1.0
167961,115.09375,1.0
168061,115.0859375,1.0
168162,115.15625,1.0
168262,115.203125,1.0
168362,115.15625,1.0
168463,115.2265625,1.0
168563,115.296875,1.0
168663,115.3125,1.0
168764,115.3203125,1.0
168864,115.4296875,1.0
168964,115.4609375,1.0
169064,115.4609375,1.0
169164,115.4375,1.0
169264,115.4375,1.0
169364,115.5390625,1.0
169465,115.6328125,1.0
169565,115.6484375,1.0
169665,115.6484375,1.0
169766,115.6875,1.0
169867,115.6953125,1.0
169967,115.7109375,1.0
170068,115.765625,1.0
170169,115.78125,1.0
170269,115.78125,1.0
170370,115.765625,1.0
170471,115.8359375,1.0
170571,115.90625,1.0
170672,115.921875,1.0
170772,116.015625,1.0
170872,116.015625,1.0
170973,116.015625,1.0
171073,116.0859375,1.0
171173,116.125,1.0
171275,116.1328125,1.0
171375,116.1796875,1.0
171475,116.21875,1.0
171577,116.2421875,1.0
171677,116.203125,1.0
171777,116.3125,1.0
171879,116.3125,1.0
171979,116.3515625,1.0
172079,116.40625,1.0
172180,116.4453125,1.0
172280,116.4453125,1.0
172380,116.4921875,1.0
172481,116.4765625,1.0
172581,116.421875,1.0
172681,116.546875,1.0
172782,116.5625,1.0
172882,116.6171875,1.0
172983,116.59375,1.0
173084,116.703125,1.0
173184,116.75,1.0
173285,116.8125,1.0
173386,116.8125,1.0
173486,116.8125,1.0
173586,116.8828125,1.0
173687,116.8671875,1.0
173787,116.9140625,1.0
173887,117.0390625,1.0
173987,117.0,1.0
174087,116.9765625,1.0
174187,116.9609375,1.0
174287,117.0703125,1.0
174387,117.046875,1.0
174487,117.15625,1.0
174587,117.2109375,1.0
174688,117.1875,1.0
174788,117.203125,1.0
174888,117.2109375,1.0
174989,117.2578125,1.0
175090,117.359375,1.0
175190,117.40625,1.0
175291,117.359375,1.0
175392,117.4609375,1.0
175492,117.4375,1.0
175592,117.484375,1.0
175693,117.53125,1.0
175793,117.5546875,1.0
175893,117.5234375,1.0
175994,117.625,1.0
176094,117.6875,1.0
176194,117.625,1.0
176295,117.734375,1.0
176396,117.7578125,1.0
176496,117.78125,1.0
176597,117.734375,1.0
176698,117.8515625,1.0
176798,117.875,1.0
176899,117.8828125,1.0
177000,117.9453125,1.0
177100,117.9921875,1.0
177201,118.0078125,1.0
177301,118.015625,1.0
177401,118.03125,1.0
177502,118.078125,1.0
177602,118.078125,1.0
177702,118.0859375,1.0
177804,118.1953125,1.0
177904,118.25,1.0
178004,118.2734375,1.0
178106,118.2734375,1.0
178206,118.265625,1.0
178306,118.328125,1.0
178408,118.3828125,1.0
178508,118.359375,1.0
178608,118.4296875,1.0
178708,118.4765625,1.0
178808,118.5,1.0
178908,118.546875,1.0
179008,118.5234375,1.0
179109,118.609375,1.0
179209,118.625,1.0
179309,118.625,1.0
179409,118.6484375,1.0
179510,118.671875,1.0
179610,118.75,1.0
179710,118.7421875,1.0
179812,118.71875,1.0
179912,118.7890625,1.0
180012,118.8828125,1.0
180113,118.9140625,1.0
180213,118.9296875,1.0
180314,119.015625,1.0
180414,118.9296875,1.0
180515,119.0,1.0
180615,119.015625,1.0
180715,119.1171875,1.0
180815,119.09375,1.0
180915,119.1171875,1.0
181016,119.1171875,1.0
181116,119.1171875,1.0
181217,119.1640625,1.0
181317,119.3125,1.0
181417,119.3359375,1.0
181518,119.2578125,1.0
181618,119.3671875,1.0
181719,119.4140625,1.0
181820,119.3828125,1.0
181920,119.453125,1.0
182020,119.4140625,1.0
182120,119.5546875,1.0
182220,119.578125,1.0
182320,119.5703125,1.0
182421,119.640625,1.0
182521,119.6484375,1.0
182621,119.6640625,1.0
182721,119.625,1.0
182821,119.71875,1.0
182921,119.8046875,1.0
183021,119.7890625,1.0
183122,119.8046875,1.0
183223,119.8671875,1.0
183323,119.84375,1.0
183423,119.875,1.0
183524,119.9609375,1.0
183624,119.8984375,1.0
183724,120.0078125,1.0
183826,120.0546875,1.0
183926,120.125,1.0
184026,120.1328125,1.0
184126,120.125,1.0
184226,120.125,1.0
184326,120.1640625,1.0
184426,120.265625,1.0
184527,120.2890625,1.0
184627,120.3125,1.0
184727,120.328125,1.0
184827,120.2890625,1.0
184928,120.3515625,1.0
185028,120.3984375,1.0
185128,120.4921875,1.0
185230,120.421875,1.0
185330,120.46875,1.0
185430,120.5859375,1.0
185531,120.5625,1.0
185631,120.578125,1.0
185732,120.609375,1.0
185832,120.65625,1.0
185932,120.6953125,1.0
186032,120.6796875,1.0
186132,120.7421875,1.0
186232,120.75,1.0
186332,120.8046875,1.0
186433,120.8046875,1.0
186533,120.8515625,1.0
186633,120.8515625,1.0
186733,120.96875,1.0
186833,120.90625,1.0
186934,121.0234375,1.0
187034,121.0390625,1.0
187135,121.0859375,1.0
187236,121.0390625,1.0
187336,121.109375,1.0
187436,121.1953125,1.0
187537,121.2421875,1.0
187637,121.2265625,1.0
187737,121.203125,1.0
187838,121.296875,1.0
187938,121.34375,1.0
188038,121.3359375,1.0
188138,121.3828125,1.0
188238,121.296875,1.0
188338,121.359375,1.0
188438,121.4609375,1.0
188539,121.5234375,1.0
188640,121.5078125,1.0
188740,121.4765625,1.0
188840,121.6015625,1.0
188941,121.6015625,1.0
189042,121.5546875,1.0
189142,121.578125,1.0
189243,121.65625,1.0
189343,121.75,1.0
189443,121.828125,1.0
189543,121.75,1.0
189643,121.828125,1.0
189744,121.828125,1.0
189844,121.9140625,1.0
189944,121.9765625,1.0
190044,121.953125,1.0
190144,122.03125,1.0
190244,122.03125,1.0
190344,122.03125,1.0
190445,122.046875,1.0
190545,122.171875,1.0
190646,122.1640625,1.0
190746,122.140625,1.0
190846,122.234375,1.0
190947,122.28125,1.0
191047,122.3203125,1.0
191148,122.2734375,1.0
191249,122.3046875,1.0
191349,122.3046875,1.0
191449,122.390625,1.0
191549,122.390625,1.0
191649,122.4921875,1.0
191749,122.53125,1.0
191850,122.515625,1.0
191950,122.59375,1.0
192050,122.5703125,1.0
192150,122.6171875,1.0
192250,122.6171875,1.0
192350,122.71875,1.0
192450,122.7578125,1.0
192551,122.7109375,1.0
192652,122.71875,1.0
192752,122.8125,1.0
192852,122.828125,1.0
192953,122.8125,1.0
193054,122.8359375,1.0
193154,122.890625,1.0
193255,122.9609375,1.0
193355,122.984375,1.0
193455,123.0625,1.0
193555,123.125,1.0
193655,123.109375,1.0
193756,123.15625,1.0
193856,123.171875,1.0
193956,123.1015625,1.0
194056,123.1328125,1.0
194156,123.125,1.0
194256,123.265625,1.0
194357,123.375,1.0
194458,123.3984375,1.0
194558,123.3515625,1.0
194659,123.328125,1.0
194759,123.3515625,1.0
194859,123.4296875,1.0
194960,123.4921875,1.0
195060,123.546875,1.0
195161,123.546875,1.0
195261,123.5703125,1.0
195361,123.6484375,1.0
195461,123.6953125,1.0
195561,123.6953125,1.0
195661,123.6328125,1.0
195761,123.65625,1.0
195862,123.71875,1.0
195962,123.7734375,1.0
196062,123.8203125,1.0
196162,123.84375,1.0
196262,123.8671875,1.0
196363,123.8828125,1.0
196463,123.890625,1.0
196564,123.890625,1.0
196665,123.9453125,1.0
196765,124.0625,1.0
196865,124.0625,1.0
196966,124.046875,1.0
197067,124.15625,1.0
197167,124.15625,1.0
197267,124.1640625,1.0
197367,124.203125,1.0
197467,124.1328125,1.0
197567,124.203125,1.0
197667,124.2265625,1.0
197768,124.2265625,1.0
197868,124.34375,1.0
197968,124.3828125,1.0
198069,124.40625,1.0
198169,124.390625,1.0
198269,124.4375,1.0
198370,124.484375,1.0
198471,124.5390625,1.0
198571,124.59375,1.0
198672,124.5390625,1.0
198772,124.609375,1.0
198872,124.59375,1.0
198972,124.65625,1.0
199072,124.703125,1.0
199173,124.7265625,1.0
199273,124.734375,1.0
199373,124.703125,1.0
199473,124.7578125,1.0
199573,124.84375,1.0
199673,124.8828125,1.0
199773,124.8046875,1.0
199874,124.8828125,1.0
199974,124.8828125,1.0
200075,124.984375,1.0
200175,124.9609375,1.0
200275,125.0078125,1.0
200376,125.0546875,1.0
200476,125.140625,1.0
200577,125.1484375,1.0
200678,125.1875,1.0
200778,125.2265625,1.0
200878,125.2265625,1.0
200978,125.2578125,1.0
201079,125.28125,1.0
201179,125.3203125,1.0
201280,125.296875,1.0
201380,125.328125,1.0
201480,125.375,1.0
201580,125.421875,1.0
201680,125.4609375,1.0
201782,125.4609375,1.0
201882,125.5703125,1.0
201982,125.59375,1.0
202083,125.546875,1.0
202183,125.546875,1.0
202283,125.6640625,1.0
202384,125.6875,1.0
202485,125.71875,1.0
202585,125.6953125,1.0
202685,125.7890625,1.0
202785,125.8046875,1.0
202885,125.8046875,1.0
202985,125.890625,1.0
203085,125.9453125,1.0
203186,125.890625,1.0
203286,125.9609375,1.0
203386,125.96875,1.0
203486,126.0390625,1.0
203586,126.0078125,1.0
203686,126.0078125,1.0
203787,126.1484375,1.0
203888,126.1015625,1.0
203988,126.171875,1.0
204089,126.1953125,1.0
204189,126.21875,1.0
204289,126.1953125,1.0
204391,126.2421875,1.0
204491,126.265625,1.0
204591,126.359375,1.0
204691,126.375,1.0
204791,126.3984375,1.0
204891,126.4375,1.0
204991,126.4140625,1.0
205092,126.46875,1.0
205192,126.515625,1.0
205293,126.609375,1.0
205393,126.671875,1.0
205494,126.65625,1.0
205594,126.65625,1.0
205694,126.578125,1.0
205796,126.65625,1.0
205896,126.7265625,1.0
205996,126.7890625,1.0
206097,126.8046875,1.0
206197,126.8359375,1.0
206297,126.875,1.0
206397,126.90625,1.0
206498,126.9296875,1.0
206598,126.9765625,1.0
206698,126.9765625,1.0
206798,127.015625,1.0
206898,127.109375,1.0
206998,127.1328125,1.0
207098,127.1328125,1.0
207200,127.1484375,1.0
207300,127.21875,1.0
207400,127.2421875,1.0
207501,127.2265625,1.0
207601,127.1484375,1.0
207701,127.25,1.0
207802,127.265625,1.0
207903,127.2734375,1.0
208003,127.3515625,1.0
208104,127.375,1.0
208204,127.375,1.0
208304,127.4296875,1.0
208405,127.46875,1.0
208505,127.5234375,1.0
208605,127.5625,1.0
208705,127.5703125,1.0
208805,127.5234375,1.0
208905,127.59375,1.0
209005,127.59375,1.0
209106,127.59375,1.0
209207,127.65625,1.0
209307,127.8203125,1.0
209407,127.7890625,1.0
209508,127.8203125,1.0
209608,127.84375,1.0
209708,127.7890625,1.0
209810,127.8203125,1.0
209910,127.890625,1.0
210010,127.859375,1.0
210110,127.9921875,1.0
210210,127.9921875,1.0
210310,128.0390625,1.0
210410,128.0234375,1.0
210511,128.0390625,1.0
210611,128.09375,1.0
210711,128.109375,1.0
210811,128.109375,1.0
210912,128.1953125,1.0
211012,128.140625,1.0
211112,128.21875,1.0
211214,128.2421875,1.0
211314,128.2421875,1.0
211414,128.296875,1.0
211515,128.3203125,1.0
211615,128.390625,1.0
211715,128.4609375,1.0
211816,128.4921875,1.0
211917,128.4921875,1.0
212017,128.5625,1.0
212117,128.5703125,1.0
212217,128.5703125,1.0
212317,128.6171875,1.0
212418,128.609375,1.0
212518,128.5859375,1.0
212620,128.5703125,1.0
212720,128.703125,1.0
212820,128.703125,1.0
212921,128.7578125,1.0
213021,128.796875,1.0
213122,128.796875,1.0
213223,128.8671875,1.0
213323,129.0,1.0
213423,128.9296875,1.0
213523,128.9296875,1.0
213623,129.0,1.0
213723,129.03125,1.0
213824,129.0234375,1.0
213924,129.03125,1.0
214024,129.046875,1.0
214124,129.109375,1.0
214224,129.203125,1.0
214325,129.25,1.0
214425,129.234375,1.0
214526,129.28125,1.0
214627,129.3203125,1.0
214727,129.296875,1.0
214827,129.296875,1.0
214928,129.34375,1.0
215028,129.3828125,1.0
215128,129.40625,1.0
215230,129.5,1.0
215330,129.5,1.0
215430,129.5,1.0
215530,129.5234375,1.0
215630,129.6171875,1.0
215730,129.6015625,1.0
215830,129.6015625,1.0
215931,129.6171875,1.0
216032,129.640625,1.0
216132,129.640625,1.0
216232,129.703125,1.0
216333,129.78125,1.0
216434,129.8671875,1.0
216534,129.7734375,1.0
216636,129.84375,1.0
216736,129.890625,1.0
216836,129.90625,1.0
216936,129.9140625,1.0
217036,129.9140625,1.0
217137,130.03125,1.0
217237,130.046875,1.0
217337,130.09375,1.0
217437,130.15625,1.0
217537,130.15625,1.0
217637,130.140625,1.0
217737,130.2109375,1.0
217838,130.2265625,1.0
217938,130.2265625,1.0
218039,130.234375,1.0
218139,130.234375,1.0
218239,130.25,1.0
218340,130.3515625,1.0
218440,130.34375,1.0
218541,130.3203125,1.0
218642,130.421875,1.0
218742,130.421875,1.0
218842,130.421875,1.0
218942,130.484375,1.0
219042,130.5703125,1.0
219142,130.640625,1.0
219243,130.6484375,1.0
219343,130.6171875,1.0
219443,130.6875,1.0
219543,130.7109375,1.0
219643,130.7109375,1.0
219744,130.734375,1.0
219844,130.7734375,1.0
219945,130.75,1.0
220046,130.7734375,1.0
220146,130.78125,1.0
220246,130.8203125,1.0
220347,130.921875,1.0
220447,130.8984375,1.0
220547,130.8671875,1.0
220649,130.984375,1.0
220749,130.96875,1.0
220849,131.03125,1.0
220949,131.078125,1.0
221049,131.03125,1.0
221149,131.125,1.0
221249,131.1875,1.0
221350,131.1640625,1.0
221451,131.171875,1.0
221551,131.2578125,1.0
221651,131.234375,1.0
221752,131.3046875,1.0
221853,131.34375,1.0
221953,131.390625,1.0
222055,131.4140625,1.0
222155,131.34375,1.0
222255,131.4375,1.0
222355,131.46875,1.0
222455,131.53125,1.0
222556,131.5078125,1.0
222656,131.5078125,1.0
222756,131.484375,1.0
222856,131.578125,1.0
222956,131.578125,1.0
223056,131.6171875,1.0
223157,131.671875,1.0
223258,131.671875,1.0
223358,131.6953125,1.0
223459,131.796875,1.0
223559,131.75,1.0
223659,131.78125,1.0
223760,131.8046875,1.0
223860,131.9609375,1.0
223961,131.984375,1.0
224061,131.9375,1.0
224161,131.9140625,1.0
224261,131.9453125,1.0
224361,131.9453125,1.0
224461,131.9609375,1.0
224561,131.9921875,1.0
224662,132.0546875,1.0
224762,132.09375,1.0
224862,132.171875,1.0
224962,132.1953125,1.0
225062,132.234375,1.0
225163,132.265625,1.0
225263,132.265625,1.0
225364,132.328125,1.0
225465,132.28125,1.0
225565,132.296875,1.0
225665,132.375,1.0
225766,132.3984375,1.0
225866,132.375,1.0
225966,132.4140625,1.0
226067,132.46875,1.0
226167,132.5078125,1.0
226267,132.5703125,1.0
226367,132.625,1.0
226467,132.5546875,1.0
226567,132.5703125,1.0
226667,132.6640625,1.0
226768,132.625,1.0
226869,132.6875,1.0
226969,132.6953125,1.0
227069,132.7109375,1.0
227170,132.7578125,1.0
227270,132.828125,1.0
227370,132.8046875,1.0
227472,132.8671875,1.0
227572,132.96875,1.0
227672,132.9140625,1.0
227772,132.96875,1.0
227872,132.9375,1.0
227973,132.9453125,1.0
228073,133.0546875,1.0
228174,133.0703125,1.0
228274,133.078125,1.0
228374,133.1484375,1.0
228474,133.078125,1.0
228574,133.1640625,1.0
228675,133.1953125,1.0
228775,133.328125,1.0
228877,133.390625,1.0
228977,133.296875,1.0
229077,133.3671875,1.0
229178,133.3671875,1.0
229278,133.4453125,1.0
229379,133.3984375,1.0
229480,133.4375,1.0
229580,133.515625,1.0
229680,133.53125,1.0
229780,133.5703125,1.0
229880,133.5546875,1.0
229980,133.5546875,1.0
230081,133.6484375,1.0
230181,133.6015625,1.0
230281,133.671875,1.0
230381,133.71875,1.0
230481,133.734375,1.0
230582,133.7578125,1.0
230682,133.7421875,1.0
230783,133.7421875,1.0
230884,133.84375,1.0
230984,133.890625,1.0
231084,133.890625,1.0
231185,133.9609375,1.0
231285,133.9375,1.0
231385,133.9375,1.0
231486,133.984375,1.0
231586,134.0078125,1.0
231686,134.03125,1.0
231786,134.1484375,1.0
231886,134.1640625,1.0
231986,134.140625,1.0
232086,134.1953125,1.0
232187,134.1953125,1.0
232288,134.28125,1.0
232388,134.2890625,1.0
232488,134.3671875,1.0
232589,134.4140625,1.0
232689,134.390625,1.0
232789,134.4375,1.0
232891,134.5078125,1.0
232991,134.5078125,1.0
233091,134.59375,1.0
233191,134.5703125,1.0
233291,134.578125,1.0
233392,134.546875,1.0
233492,134.640625,1.0
233593,134.59375,1.0
233693,134.671875,1.0
233793,134.671875,1.0
233893,134.671875,1.0
233993,134.734375,1.0
234094,134.796875,1.0
234194,134.84375,1.0
234296,134.8515625,1.0
234396,134.890625,1.0
234496,134.8515625,1.0
234597,134.9140625,1.0
234697,134.9609375,1.0
234798,134.9453125,1.0
234898,134.984375,1.0
234998,135.03125,1.0
235098,135.0546875,1.0
235198,135.1015625,1.0
235298,135.140625,1.0
235398,135.1875,1.0
235499,135.140625,1.0
235599,135.140625,1.0
235699,135.171875,1.0
235799,135.21875,1.0
235899,135.28125,1.0
236000,135.234375,1.0
236100,135.296875,1.0
236201,135.328125,1.0
236302,135.390625,1.0
236402,135.3671875,1.0
236502,135.4375,1.0
236603,135.4609375,1.0
236703,135.46875,1.0
236803,135.484375,1.0
236905,135.625,1.0
237005,135.6171875,1.0
237105,135.546875,1.0
237205,135.5546875,1.0
237305,135.6484375,1.0
237405,135.7109375,1.0
237505,135.6953125,1.0
237606,135.8046875,1.0
237707,135.8671875,1.0
237807,135.7578125,1.0
237907,135.7734375,1.0
238008,135.8671875,1.0
238108,135.828125,1.0
238208,135.9375,1.0
238310,135.984375,1.0
238410,135.9609375,1.0
238510,136.0546875,1.0
238610,136.046875,1.0
238710,136.046875,1.0
238811,136.0703125,1.0
238911,136.125,1.0
239012,136.1796875,1.0
239112,136.09375,1.0
239212,136.1796875,1.0
239312,136.1875,1.0
239413,136.2265625,1.0
239514,136.28125,1.0
239614,136.3046875,1.0
239715,136.28125,1.0
239815,136.296875,1.0
239915,136.3515625,1.0
240016,136.390625,1.0
240116,136.390625,1.0
240217,136.4140625,1.0
240317,136.4140625,1.0
240417,136.484375,1.0
240517,136.5078125,1.0
240617,136.546875,1.0
240717,136.65625,1.0
240817,136.578125,1.0
240918,136.578125,1.0
241018,136.6640625,1.0
241118,136.6875,1.0
241218,136.6640625,1.0
241318,136.7265625,1.0
241419,136.8046875,1.0
241519,136.8203125,1.0
241620,136.78125,1.0
241721,136.78125,1.0
241821,136.84375,1.0
241921,136.9296875,1.0
242022,136.875,1.0
242123,137.0078125,1.0
242223,136.9765625,1.0
242324,137.0234375,1.0
242424,137.046875,1.0
242524,137.0234375,1.0
242624,137.0546875,1.0
242724,137.1796875,1.0
242825,137.1640625,1.0
242925,137.1171875,1.0
243025,137.2734375,1.0
243126,137.3125,1.0
243226,137.3125,1.0
243326,137.25,1.0
243427,137.265625,1.0
243528,137.4296875,1.0
243628,137.390625,1.0
243729,137.4296875,1.0
243829,137.4140625,1.0
243929,137.5234375,1.0
244029,137.53125,1.0
244129,137.5234375,1.0
244230,137.53125,1.0
244330,137.5703125,1.0
244430,137.6171875,1.0
244530,137.578125,1.0
244630,137.6328125,1.0
244730,137.59375,1.0
244830,137.703125,1.0
244931,137.734375,1.0
245031,137.75,1.0
245132,137.75,1.0
245232,137.8203125,1.0
245332,137.8671875,1.0
245433,137.921875,1.0
245533,137.921875,1.0
245634,137.9765625,1.0
245735,137.96875,1.0
245835,138.015625,1.0
245935,138.0234375,1.0
246035,137.9765625,1.0
246135,138.0546875,1.0
246235,138.0,1.0
246336,138.0,1.0
246436,138.0625,1.0
246536,138.109375,1.0
246636,138.2421875,1.0
246736,138.171875,1.0
246838,138.1484375,1.0
246938,138.265625,1.0
247038,138.34375,1.0
247139,138.3671875,1.0
247239,138.28125,1.0
247339,138.421875,1.0
247440,138.3671875,1.0
247541,138.4375,1.0
247641,138.46875,1.0
247741,138.4453125,1.0
247841,138.46875,1.0
247941,138.4609375,1.0
248041,138.5078125,1.0
248141,138.59375,1.0
248242,138.6328125,1.0
248342,138.6796875,1.0
248442,138.6640625,1.0
248542,138.640625,1.0
248642,138.703125,1.0
248742,138.734375,1.0
248843,138.8359375,1.0
248944,138.8125,1.0
249044,138.8125,1.0
249145,138.84375,1.0
249245,138.8203125,1.0
249345,138.9296875,1.0
249447,138.96875,1.0
249547,138.921875,1.0
249647,138.96875,1.0
249747,139.0546875,1.0
249847,139.0390625,1.0
249947,139.078125,1.0
250047,139.0859375,1.0
250148,139.125,1.0
250248,139.1328125,1.0
250348,139.109375,1.0
250448,139.1796875,1.0
250549,139.234375,1.0
250649,139.2421875,1.0
250749,139.2890625,1.0
250851,139.34375,1.0
250951,139.34375,1.0
251051,139.34375,1.0
251152,139.421875,1.0
251252,139.4453125,1.0
251352,139.484375,1.0
251453,139.4609375,1.0
251554,139.484375,1.0
251654,139.5078125,1.0
251754,139.5546875,1.0
251854,139.5234375,1.0
251954,139.578125,1.0
252055,139.6328125,1.0
252155,139.578125,1.0
252257,139.734375,1.0
252357,139.6796875,1.0
252457,139.765625,1.0
252558,139.859375,1.0
252658,139.8671875,1.0
252759,139.796875,1.0
252860,139.84375,1.0
252960,139.859375,1.0
253060,139.953125,1.0
253160,139.921875,1.0
253260,139.8671875,1.0
253360,139.9765625,1.0
253461,139.96875,1.0
253561,140.0,1.0
253661,140.078125,1.0
253761,140.1875,1.0
253861,140.171875,1.0
253961,140.1953125,1.0
254061,140.2109375,1.0
254162,140.171875,1.0
254263,140.2109375,1.0
254363,140.28125,1.0
254463,140.265625,1.0
254564,140.3671875,1.0
